Name,SPDXID,Version,DownloadLocation,License
"@base2/pretty-print-object","SPDXRef-Package-base2.pretty-print-object-1.0.2","1.0.2","https://registry.npmjs.org/@base2/pretty-print-object/-/pretty-print-object-1.0.2.tgz","BSD-2-Clause"
"axios","SPDXRef-Package-axios-1.13.6","1.13.6","https://registry.npmjs.org/axios/-/axios-1.13.6.tgz","MIT"
"balanced-match","SPDXRef-Package-balanced-match-1.0.2","1.0.2","https://registry.npmjs.org/balanced-match/-/balanced-match-1.0.2.tgz","MIT"
"brace-expansion","SPDXRef-Package-brace-expansion-2.0.2","2.0.2","https://registry.npmjs.org/brace-expansion/-/brace-expansion-2.0.2.tgz","MIT"
"follow-redirects","SPDXRef-Package-follow-redirects-1.15.11","1.15.11","https://registry.npmjs.org/follow-redirects/-/follow-redirects-1.15.11.tgz","MIT"
"minimatch","SPDXRef-Package-minimatch-5.1.9","5.1.9","https://registry.npmjs.org/minimatch/-/minimatch-5.1.9.tgz","ISC"
"proxy-from-env","SPDXRef-Package-proxy-from-env-1.1.0","1.1.0","https://registry.npmjs.org/proxy-from-env/-/proxy-from-env-1.1.0.tgz","MIT"
"ts-essentials","SPDXRef-Package-ts-essentials-10.1.1","10.1.1","https://registry.npmjs.org/ts-essentials/-/ts-essentials-10.1.1.tgz","MIT"
"uuid","SPDXRef-Package-uuid-13.0.0","13.0.0","https://registry.npmjs.org/uuid/-/uuid-13.0.0.tgz","MIT"
"vscode-jsonrpc","SPDXRef-Package-vscode-jsonrpc-8.2.0","8.2.0","https://registry.npmjs.org/vscode-jsonrpc/-/vscode-jsonrpc-8.2.0.tgz","MIT"
"vscode-languageclient","SPDXRef-Package-vscode-languageclient-9.0.1","9.0.1","https://registry.npmjs.org/vscode-languageclient/-/vscode-languageclient-9.0.1.tgz","MIT"
"vscode-languageserver-protocol","SPDXRef-Package-vscode-languageserver-protocol-3.17.5","3.17.5","https://registry.npmjs.org/vscode-languageserver-protocol/-/vscode-languageserver-protocol-3.17.5.tgz","MIT"
"vscode-languageserver-types","SPDXRef-Package-vscode-languageserver-types-3.17.5","3.17.5","https://registry.npmjs.org/vscode-languageserver-types/-/vscode-languageserver-types-3.17.5.tgz","MIT"
"yauzl","SPDXRef-Package-yauzl-3.2.1","3.2.1","https://registry.npmjs.org/yauzl/-/yauzl-3.2.1.tgz","MIT"